{
  "result":  {
    "places":  [
       {
        "id": "0af014accd6f6e99",
        "url": "https://api.twitter.com/1.1/geo/id/0af014accd6f6e99.json",
        "place_type": "admin",
        "name": "Scotland",
        "full_name": "Scotland, United Kingdom",
        "country_code": "GB",
        "country": "United Kingdom",
        "contained_within":  [
           {
            "id": "79c77794abbf59c6",
            "url": "https://api.twitter.com/1.1/geo/id/79c77794abbf59c6.json",
            "place_type": "admin",
            "name": "Scotland",
            "full_name": "Scotland, United Kingdom",
            "country_code": "GB",
            "country": "United Kingdom",
            "centroid":  [
              -4.225766634077291,
              56.669628
            ],
            "bounding_box":  {
              "type": "Polygon",
              "coordinates":  [
                 [
                   [
                    -8.662663,
                    54.631564
                  ],
                   [
                    -8.662663,
                    60.86165
                  ],
                   [
                    -0.712426,
                    60.86165
                  ],
                   [
                    -0.712426,
                    54.631564
                  ],
                   [
                    -8.662663,
                    54.631564
                  ]
                ]
              ]
            },
            "attributes":  {}
          }
        ],
        "centroid":  [
          -3.9115477196392874,
          56.652969464269404
        ],
        "bounding_box":  {
          "type": "Polygon",
          "coordinates":  [
             [
               [
                -7.66085699743185,
                54.6336309570711
              ],
               [
                -7.66085699743185,
                60.8452769694519
              ],
               [
                -0.740025000483186,
                60.8452769694519
              ],
               [
                -0.740025000483186,
                54.6336309570711
              ],
               [
                -7.66085699743185,
                54.6336309570711
              ]
            ]
          ]
        },
        "attributes":  {}
      },
       {
        "id": "6416b8512febefc9",
        "url": "https://api.twitter.com/1.1/geo/id/6416b8512febefc9.json",
        "place_type": "country",
        "name": "United Kingdom",
        "full_name": "United Kingdom",
        "country_code": "GB",
        "country": "United Kingdom",
        "contained_within":  [],
        "centroid":  [
          -1.9280975903801871,
          54.3306827
        ],
        "bounding_box":  {
          "type": "Polygon",
          "coordinates":  [
             [
               [
                -8.662663,
                49.1626564
              ],
               [
                -8.662663,
                60.86165
              ],
               [
                1.768926,
                60.86165
              ],
               [
                1.768926,
                49.1626564
              ],
               [
                -8.662663,
                49.1626564
              ]
            ]
          ]
        },
        "attributes":  {}
      },
       {
        "id": "96683cc9126741d1",
        "url": "https://api.twitter.com/1.1/geo/id/96683cc9126741d1.json",
        "place_type": "country",
        "name": "United States",
        "full_name": "United States",
        "country_code": "US",
        "country": "United States",
        "contained_within":  [],
        "centroid":  [
          -98.99308143101959,
          36.890333500000004
        ],
        "bounding_box":  {
          "type": "Polygon",
          "coordinates":  [
             [
               [
                -179.231086,
                13.182335
              ],
               [
                -179.231086,
                71.434357
              ],
               [
                179.859685,
                71.434357
              ],
               [
                179.859685,
                13.182335
              ],
               [
                -179.231086,
                13.182335
              ]
            ]
          ]
        },
        "attributes":  {}
      },
       {
        "id": "79c77794abbf59c6",
        "url": "https://api.twitter.com/1.1/geo/id/79c77794abbf59c6.json",
        "place_type": "admin",
        "name": "Scotland",
        "full_name": "Scotland, United Kingdom",
        "country_code": "GB",
        "country": "United Kingdom",
        "contained_within":  [
           {
            "id": "6416b8512febefc9",
            "url": "https://api.twitter.com/1.1/geo/id/6416b8512febefc9.json",
            "place_type": "country",
            "name": "United Kingdom",
            "full_name": "United Kingdom",
            "country_code": "GB",
            "country": "United Kingdom",
            "centroid":  [
              -1.9280975903801871,
              54.3306827
            ],
            "bounding_box":  {
              "type": "Polygon",
              "coordinates":  [
                 [
                   [
                    -8.662663,
                    49.1626564
                  ],
                   [
                    -8.662663,
                    60.86165
                  ],
                   [
                    1.768926,
                    60.86165
                  ],
                   [
                    1.768926,
                    49.1626564
                  ],
                   [
                    -8.662663,
                    49.1626564
                  ]
                ]
              ]
            },
            "attributes":  {}
          }
        ],
        "centroid":  [
          -4.225766634077291,
          56.669628
        ],
        "bounding_box":  {
          "type": "Polygon",
          "coordinates":  [
             [
               [
                -8.662663,
                54.631564
              ],
               [
                -8.662663,
                60.86165
              ],
               [
                -0.712426,
                60.86165
              ],
               [
                -0.712426,
                54.631564
              ],
               [
                -8.662663,
                54.631564
              ]
            ]
          ]
        },
        "attributes":  {}
      },
       {
        "id": "009246991aea5b0c",
        "url": "https://api.twitter.com/1.1/geo/id/009246991aea5b0c.json",
        "place_type": "city",
        "name": "Scotland",
        "full_name": "Scotland, PA",
        "country_code": "US",
        "country": "United States",
        "contained_within":  [
           {
            "id": "97e96d6456068c5e",
            "url": "https://api.twitter.com/1.1/geo/id/97e96d6456068c5e.json",
            "place_type": "admin",
            "name": "Washington DC",
            "full_name": "Washington DC",
            "country_code": "US",
            "country": "United States",
            "centroid":  [
              -77.87187701742846,
              39.1277235
            ],
            "bounding_box":  {
              "type": "Polygon",
              "coordinates":  [
                 [
                   [
                    -79.134296,
                    37.965562
                  ],
                   [
                    -79.134296,
                    40.289885
                  ],
                   [
                    -76.321795,
                    40.289885
                  ],
                   [
                    -76.321795,
                    37.965562
                  ],
                   [
                    -79.134296,
                    37.965562
                  ]
                ]
              ]
            },
            "attributes":  {}
          }
        ],
        "centroid":  [
          -77.5813984888901,
          39.965319
        ],
        "bounding_box":  {
          "type": "Polygon",
          "coordinates":  [
             [
               [
                -77.590462,
                39.957242
              ],
               [
                -77.590462,
                39.973396
              ],
               [
                -77.569244,
                39.973396
              ],
               [
                -77.569244,
                39.957242
              ],
               [
                -77.590462,
                39.957242
              ]
            ]
          ]
        },
        "attributes":  {}
      },
       {
        "id": "3f63906fc8aa5a7d",
        "url": "https://api.twitter.com/1.1/geo/id/3f63906fc8aa5a7d.json",
        "place_type": "country",
        "name": "United Arab Emirates",
        "full_name": "United Arab Emirates",
        "country_code": "AE",
        "country": "United Arab Emirates",
        "contained_within":  [],
        "centroid":  [
          55.14730118416988,
          24.3551493
        ],
        "bounding_box":  {
          "type": "Polygon",
          "coordinates":  [
             [
               [
                51.2938738,
                22.6261387
              ],
               [
                51.2938738,
                26.2823697
              ],
               [
                56.3816989,
                26.2823697
              ],
               [
                56.3816989,
                22.6261387
              ],
               [
                51.2938738,
                22.6261387
              ]
            ]
          ]
        },
        "attributes":  {}
      },
       {
        "id": "7dd0b15d389e4f39",
        "url": "https://api.twitter.com/1.1/geo/id/7dd0b15d389e4f39.json",
        "place_type": "city",
        "name": "Scotland Neck",
        "full_name": "Scotland Neck, NC",
        "country_code": "US",
        "country": "United States",
        "contained_within":  [
           {
            "id": "b9c752ce8760cd31",
            "url": "https://api.twitter.com/1.1/geo/id/b9c752ce8760cd31.json",
            "place_type": "admin",
            "name": "Greenville-New Bern-Washington NC",
            "full_name": "Greenville-New Bern-Washington NC",
            "country_code": "US",
            "country": "United States",
            "centroid":  [
              -76.76905756616351,
              35.3208985
            ],
            "bounding_box":  {
              "type": "Polygon",
              "coordinates":  [
                 [
                   [
                    -78.035051,
                    34.399705
                  ],
                   [
                    -78.035051,
                    36.242092
                  ],
                   [
                    -75.455561,
                    36.242092
                  ],
                   [
                    -75.455561,
                    34.399705
                  ],
                   [
                    -78.035051,
                    34.399705
                  ]
                ]
              ]
            },
            "attributes":  {}
          }
        ],
        "centroid":  [
          -77.41920211532016,
          36.1295669
        ],
        "bounding_box":  {
          "type": "Polygon",
          "coordinates":  [
             [
               [
                -77.430143,
                36.1156978
              ],
               [
                -77.430143,
                36.143436
              ],
               [
                -77.409677,
                36.143436
              ],
               [
                -77.409677,
                36.1156978
              ],
               [
                -77.430143,
                36.1156978
              ]
            ]
          ]
        },
        "attributes":  {}
      },
       {
        "id": "08fbcf4cbc4bc5b9",
        "url": "https://api.twitter.com/1.1/geo/id/08fbcf4cbc4bc5b9.json",
        "place_type": "country",
        "name": "United States Minor Outlying Islands",
        "full_name": "United States Minor Outlying Islands",
        "country_code": "UM",
        "country": "United States Minor Outlying Islands",
        "contained_within":  [],
        "centroid":  [
          -162.75338903542462,
          6.2126946499999995
        ],
        "bounding_box":  {
          "type": "Polygon",
          "coordinates":  [
             [
               [
                -177.3967777,
                -0.3807833
              ],
               [
                -177.3967777,
                28.2196605
              ],
               [
                166.657445,
                28.2196605
              ],
               [
                166.657445,
                -0.3807833
              ],
               [
                -177.3967777,
                -0.3807833
              ]
            ]
          ]
        },
        "attributes":  {}
      },
       {
        "id": "fc6282dff859b848",
        "url": "https://api.twitter.com/1.1/geo/id/fc6282dff859b848.json",
        "place_type": "country",
        "name": "Hashemite Kingdom of Jordan",
        "full_name": "Hashemite Kingdom of Jordan",
        "country_code": "JO",
        "country": "Hashemite Kingdom of Jordan",
        "contained_within":  [],
        "centroid":  [
          36.31971222488649,
          31.2805633
        ],
        "bounding_box":  {
          "type": "Polygon",
          "coordinates":  [
             [
               [
                34.9427626,
                29.1862444
              ],
               [
                34.9427626,
                33.3748822
              ],
               [
                39.3011038,
                33.3748822
              ],
               [
                39.3011038,
                29.1862444
              ],
               [
                34.9427626,
                29.1862444
              ]
            ]
          ]
        },
        "attributes":  {}
      },
       {
        "id": "08b2d74428e2ca88",
        "url": "https://api.twitter.com/1.1/geo/id/08b2d74428e2ca88.json",
        "place_type": "country",
        "name": "Kingdom of Saudi Arabia",
        "full_name": "Kingdom of Saudi Arabia",
        "country_code": "SA",
        "country": "Kingdom of Saudi Arabia",
        "contained_within":  [],
        "centroid":  [
          44.56510712588738,
          24.259922349999997
        ],
        "bounding_box":  {
          "type": "Polygon",
          "coordinates":  [
             [
               [
                34.567591,
                16.3590225
              ],
               [
                34.567591,
                32.1608222
              ],
               [
                55.6666671,
                32.1608222
              ],
               [
                55.6666671,
                16.3590225
              ],
               [
                34.567591,
                16.3590225
              ]
            ]
          ]
        },
        "attributes":  {}
      }
    ]
  },
  "query":  {
    "url": "https://api.twitter.com/1.1/geo/search.json?granularity=city&query=Scotland%2C%20United%20Kingdom",
    "type": "search",
    "params":  {
      "accuracy": 0,
      "granularity": "city",
      "query": "Scotland, United Kingdom",
      "autocomplete": false,
      "trim_place": false
    }
  }
}